,Patient_ID,Accuracy,Precision,Recall,F1_Score,True_Negative,False_Positive,False_Negative,True_Positive
0,S11,0.531390134529148,0.6353887399463807,0.7645161290322581,0.6939970717423133,237,73,136,0
1,S13,0.5303370786516854,0.6395663956639567,0.7564102564102564,0.6930983847283406,236,76,133,0
2,S14,0.5325842696629214,0.6370967741935484,0.7645161290322581,0.6950146627565983,237,73,135,0
3,S15,0.5302013422818792,0.6336898395721925,0.7645161290322581,0.6929824561403509,237,73,137,0
4,S16,0.536036036036036,0.6397849462365591,0.7677419354838709,0.6979472140762464,238,72,134,0
5,S17,0.5219298245614035,0.6214099216710183,0.7652733118971061,0.6858789625360231,238,73,145,0
