,Patient_ID,Accuracy,Precision,Recall,F1_Score,True_Negative,False_Positive,False_Negative,True_Positive
0,S11,1.0,1.0,1.0,1.0,310,0,0,136
1,S13,1.0,1.0,1.0,1.0,312,0,0,133
2,S14,1.0,1.0,1.0,1.0,310,0,0,135
3,S15,1.0,1.0,1.0,1.0,310,0,0,137
4,S16,1.0,1.0,1.0,1.0,310,0,0,134
5,S17,0.9978070175438597,0.9967948717948718,1.0,0.9983948635634029,311,0,1,144
