,Patient_ID,Accuracy,Precision,Recall,F1_Score,True_Negative,False_Positive,False_Negative,True_Positive
0,S11,0.9955156950672646,0.9967741935483871,0.9967741935483871,0.9967741935483871,309,1,1,135
1,S13,0.9977528089887641,0.9968051118210862,1.0,0.9984,312,0,1,132
2,S14,0.9955056179775281,0.9967741935483871,0.9967741935483871,0.9967741935483871,309,1,1,134
3,S15,0.9955257270693513,1.0,0.9935483870967742,0.9967637540453075,308,2,0,137
4,S16,0.9954954954954955,1.0,0.9935483870967742,0.9967637540453075,308,2,0,134
5,S17,0.9956140350877193,0.9967845659163987,0.9967845659163987,0.9967845659163987,310,1,1,144
